file,class,method,variable,usage
C:\BookStore\src\java\BookStore\Login.java,BookStore.Login,"doGet/2[BookStore.HttpServletRequest,BookStore.HttpServletResponse]",request,2
C:\BookStore\src\java\BookStore\Login.java,BookStore.Login,"doGet/2[BookStore.HttpServletRequest,BookStore.HttpServletResponse]",rs,2
C:\BookStore\src\java\BookStore\Login.java,BookStore.Login,"doGet/2[BookStore.HttpServletRequest,BookStore.HttpServletResponse]",password,4
C:\BookStore\src\java\BookStore\Login.java,BookStore.Login,"doGet/2[BookStore.HttpServletRequest,BookStore.HttpServletResponse]",conn,2
C:\BookStore\src\java\BookStore\Login.java,BookStore.Login,"doGet/2[BookStore.HttpServletRequest,BookStore.HttpServletResponse]",ps,4
C:\BookStore\src\java\BookStore\Login.java,BookStore.Login,"doGet/2[BookStore.HttpServletRequest,BookStore.HttpServletResponse]",e,1
C:\BookStore\src\java\BookStore\Login.java,BookStore.Login,"doGet/2[BookStore.HttpServletRequest,BookStore.HttpServletResponse]",response,5
C:\BookStore\src\java\BookStore\Login.java,BookStore.Login,"doGet/2[BookStore.HttpServletRequest,BookStore.HttpServletResponse]",out,1
C:\BookStore\src\java\BookStore\Login.java,BookStore.Login,"doGet/2[BookStore.HttpServletRequest,BookStore.HttpServletResponse]",username,4
C:\BookStore\src\java\BookStore\Login.java,BookStore.Login,"doGet/2[BookStore.HttpServletRequest,BookStore.HttpServletResponse]",sql,1
C:\BookStore\src\java\BookStore\EditRecord.java,BookStore.EditRecord,"doGet/2[BookStore.HttpServletRequest,BookStore.HttpServletResponse]",request,9
C:\BookStore\src\java\BookStore\EditRecord.java,BookStore.EditRecord,"doGet/2[BookStore.HttpServletRequest,BookStore.HttpServletResponse]",rd,3
C:\BookStore\src\java\BookStore\EditRecord.java,BookStore.EditRecord,"doGet/2[BookStore.HttpServletRequest,BookStore.HttpServletResponse]",e,3
C:\BookStore\src\java\BookStore\EditRecord.java,BookStore.EditRecord,"doGet/2[BookStore.HttpServletRequest,BookStore.HttpServletResponse]",response,4
C:\BookStore\src\java\BookStore\EditRecord.java,BookStore.EditRecord,"doGet/2[BookStore.HttpServletRequest,BookStore.HttpServletResponse]",query,4
C:\BookStore\src\java\BookStore\EditRecord.java,BookStore.EditRecord,"doGet/2[BookStore.HttpServletRequest,BookStore.HttpServletResponse]",i,0
C:\BookStore\src\java\BookStore\EditRecord.java,BookStore.EditRecord,"doGet/2[BookStore.HttpServletRequest,BookStore.HttpServletResponse]",id,4
C:\BookStore\src\java\BookStore\EditRecord.java,BookStore.EditRecord,"doGet/2[BookStore.HttpServletRequest,BookStore.HttpServletResponse]",out,3
C:\BookStore\src\java\BookStore\DisplayData.java,BookStore.DisplayData,"doGet/2[BookStore.HttpServletRequest,BookStore.HttpServletResponse]",request,5
C:\BookStore\src\java\BookStore\DisplayData.java,BookStore.DisplayData,"doGet/2[BookStore.HttpServletRequest,BookStore.HttpServletResponse]",st,2
C:\BookStore\src\java\BookStore\DisplayData.java,BookStore.DisplayData,"doGet/2[BookStore.HttpServletRequest,BookStore.HttpServletResponse]",rs,8
C:\BookStore\src\java\BookStore\DisplayData.java,BookStore.DisplayData,"doGet/2[BookStore.HttpServletRequest,BookStore.HttpServletResponse]",conn,2
C:\BookStore\src\java\BookStore\DisplayData.java,BookStore.DisplayData,"doGet/2[BookStore.HttpServletRequest,BookStore.HttpServletResponse]",rd,3
C:\BookStore\src\java\BookStore\DisplayData.java,BookStore.DisplayData,"doGet/2[BookStore.HttpServletRequest,BookStore.HttpServletResponse]",e,0
C:\BookStore\src\java\BookStore\DisplayData.java,BookStore.DisplayData,"doGet/2[BookStore.HttpServletRequest,BookStore.HttpServletResponse]",response,3
C:\BookStore\src\java\BookStore\DisplayData.java,BookStore.DisplayData,"doGet/2[BookStore.HttpServletRequest,BookStore.HttpServletResponse]",query,2
C:\BookStore\src\java\BookStore\DisplayData.java,BookStore.DisplayData,"doGet/2[BookStore.HttpServletRequest,BookStore.HttpServletResponse]",lst,7
C:\BookStore\src\java\BookStore\DisplayData.java,BookStore.DisplayData,"doGet/2[BookStore.HttpServletRequest,BookStore.HttpServletResponse]",out,0
C:\BookStore\src\java\BookStore\UpdateData.java,BookStore.UpdateData,"doGet/2[BookStore.HttpServletRequest,BookStore.HttpServletResponse]",request,1
C:\BookStore\src\java\BookStore\UpdateData.java,BookStore.UpdateData,"doGet/2[BookStore.HttpServletRequest,BookStore.HttpServletResponse]",response,1
C:\BookStore\src\java\BookStore\UpdateData.java,BookStore.UpdateData,"processRequest/2[BookStore.HttpServletRequest,BookStore.HttpServletResponse]",request,7
C:\BookStore\src\java\BookStore\UpdateData.java,BookStore.UpdateData,"processRequest/2[BookStore.HttpServletRequest,BookStore.HttpServletResponse]",res,0
C:\BookStore\src\java\BookStore\UpdateData.java,BookStore.UpdateData,"processRequest/2[BookStore.HttpServletRequest,BookStore.HttpServletResponse]",conn,2
C:\BookStore\src\java\BookStore\UpdateData.java,BookStore.UpdateData,"processRequest/2[BookStore.HttpServletRequest,BookStore.HttpServletResponse]",ps,2
C:\BookStore\src\java\BookStore\UpdateData.java,BookStore.UpdateData,"processRequest/2[BookStore.HttpServletRequest,BookStore.HttpServletResponse]",e,1
C:\BookStore\src\java\BookStore\UpdateData.java,BookStore.UpdateData,"processRequest/2[BookStore.HttpServletRequest,BookStore.HttpServletResponse]",author,2
C:\BookStore\src\java\BookStore\UpdateData.java,BookStore.UpdateData,"processRequest/2[BookStore.HttpServletRequest,BookStore.HttpServletResponse]",query,3
C:\BookStore\src\java\BookStore\UpdateData.java,BookStore.UpdateData,"processRequest/2[BookStore.HttpServletRequest,BookStore.HttpServletResponse]",i,0
C:\BookStore\src\java\BookStore\UpdateData.java,BookStore.UpdateData,"processRequest/2[BookStore.HttpServletRequest,BookStore.HttpServletResponse]",rd,1
C:\BookStore\src\java\BookStore\UpdateData.java,BookStore.UpdateData,"processRequest/2[BookStore.HttpServletRequest,BookStore.HttpServletResponse]",bname,3
C:\BookStore\src\java\BookStore\UpdateData.java,BookStore.UpdateData,"processRequest/2[BookStore.HttpServletRequest,BookStore.HttpServletResponse]",response,1
C:\BookStore\src\java\BookStore\UpdateData.java,BookStore.UpdateData,"processRequest/2[BookStore.HttpServletRequest,BookStore.HttpServletResponse]",price,2
C:\BookStore\src\java\BookStore\UpdateData.java,BookStore.UpdateData,"processRequest/2[BookStore.HttpServletRequest,BookStore.HttpServletResponse]",genre,2
C:\BookStore\src\java\BookStore\UpdateData.java,BookStore.UpdateData,"processRequest/2[BookStore.HttpServletRequest,BookStore.HttpServletResponse]",id,2
C:\BookStore\src\java\BookStore\UpdateData.java,BookStore.UpdateData,"doPost/2[BookStore.HttpServletRequest,BookStore.HttpServletResponse]",request,1
C:\BookStore\src\java\BookStore\UpdateData.java,BookStore.UpdateData,"doPost/2[BookStore.HttpServletRequest,BookStore.HttpServletResponse]",response,1
C:\BookStore\src\java\BookStore\UserDisplayData.java,BookStore.UserDisplayData,"doGet/2[BookStore.HttpServletRequest,BookStore.HttpServletResponse]",request,5
C:\BookStore\src\java\BookStore\UserDisplayData.java,BookStore.UserDisplayData,"doGet/2[BookStore.HttpServletRequest,BookStore.HttpServletResponse]",st,2
C:\BookStore\src\java\BookStore\UserDisplayData.java,BookStore.UserDisplayData,"doGet/2[BookStore.HttpServletRequest,BookStore.HttpServletResponse]",rs,8
C:\BookStore\src\java\BookStore\UserDisplayData.java,BookStore.UserDisplayData,"doGet/2[BookStore.HttpServletRequest,BookStore.HttpServletResponse]",conn,2
C:\BookStore\src\java\BookStore\UserDisplayData.java,BookStore.UserDisplayData,"doGet/2[BookStore.HttpServletRequest,BookStore.HttpServletResponse]",rd,3
C:\BookStore\src\java\BookStore\UserDisplayData.java,BookStore.UserDisplayData,"doGet/2[BookStore.HttpServletRequest,BookStore.HttpServletResponse]",e,0
C:\BookStore\src\java\BookStore\UserDisplayData.java,BookStore.UserDisplayData,"doGet/2[BookStore.HttpServletRequest,BookStore.HttpServletResponse]",response,3
C:\BookStore\src\java\BookStore\UserDisplayData.java,BookStore.UserDisplayData,"doGet/2[BookStore.HttpServletRequest,BookStore.HttpServletResponse]",query,2
C:\BookStore\src\java\BookStore\UserDisplayData.java,BookStore.UserDisplayData,"doGet/2[BookStore.HttpServletRequest,BookStore.HttpServletResponse]",lst,7
C:\BookStore\src\java\BookStore\UserDisplayData.java,BookStore.UserDisplayData,"doGet/2[BookStore.HttpServletRequest,BookStore.HttpServletResponse]",out,0
C:\BookStore\src\java\BookStore\addbook.java,BookStore.addbook,"doGet/2[BookStore.HttpServletRequest,BookStore.HttpServletResponse]",request,4
C:\BookStore\src\java\BookStore\addbook.java,BookStore.addbook,"doGet/2[BookStore.HttpServletRequest,BookStore.HttpServletResponse]",b_name,2
C:\BookStore\src\java\BookStore\addbook.java,BookStore.addbook,"doGet/2[BookStore.HttpServletRequest,BookStore.HttpServletResponse]",conn,2
C:\BookStore\src\java\BookStore\addbook.java,BookStore.addbook,"doGet/2[BookStore.HttpServletRequest,BookStore.HttpServletResponse]",ps,2
C:\BookStore\src\java\BookStore\addbook.java,BookStore.addbook,"doGet/2[BookStore.HttpServletRequest,BookStore.HttpServletResponse]",e,1
C:\BookStore\src\java\BookStore\addbook.java,BookStore.addbook,"doGet/2[BookStore.HttpServletRequest,BookStore.HttpServletResponse]",response,3
C:\BookStore\src\java\BookStore\addbook.java,BookStore.addbook,"doGet/2[BookStore.HttpServletRequest,BookStore.HttpServletResponse]",author,2
C:\BookStore\src\java\BookStore\addbook.java,BookStore.addbook,"doGet/2[BookStore.HttpServletRequest,BookStore.HttpServletResponse]",price,2
C:\BookStore\src\java\BookStore\addbook.java,BookStore.addbook,"doGet/2[BookStore.HttpServletRequest,BookStore.HttpServletResponse]",genre,2
C:\BookStore\src\java\BookStore\addbook.java,BookStore.addbook,"doGet/2[BookStore.HttpServletRequest,BookStore.HttpServletResponse]",i,1
C:\BookStore\src\java\BookStore\addbook.java,BookStore.addbook,"doGet/2[BookStore.HttpServletRequest,BookStore.HttpServletResponse]",out,1
C:\BookStore\src\java\BookStore\Registration.java,BookStore.Registration,"doGet/2[BookStore.HttpServletRequest,BookStore.HttpServletResponse]",request,10
C:\BookStore\src\java\BookStore\Registration.java,BookStore.Registration,"doGet/2[BookStore.HttpServletRequest,BookStore.HttpServletResponse]",fname,1
C:\BookStore\src\java\BookStore\Registration.java,BookStore.Registration,"doGet/2[BookStore.HttpServletRequest,BookStore.HttpServletResponse]",conn,2
C:\BookStore\src\java\BookStore\Registration.java,BookStore.Registration,"doGet/2[BookStore.HttpServletRequest,BookStore.HttpServletResponse]",address,1
C:\BookStore\src\java\BookStore\Registration.java,BookStore.Registration,"doGet/2[BookStore.HttpServletRequest,BookStore.HttpServletResponse]",ps,12
C:\BookStore\src\java\BookStore\Registration.java,BookStore.Registration,"doGet/2[BookStore.HttpServletRequest,BookStore.HttpServletResponse]",gender,1
C:\BookStore\src\java\BookStore\Registration.java,BookStore.Registration,"doGet/2[BookStore.HttpServletRequest,BookStore.HttpServletResponse]",city,1
C:\BookStore\src\java\BookStore\Registration.java,BookStore.Registration,"doGet/2[BookStore.HttpServletRequest,BookStore.HttpServletResponse]",e,1
C:\BookStore\src\java\BookStore\Registration.java,BookStore.Registration,"doGet/2[BookStore.HttpServletRequest,BookStore.HttpServletResponse]",i,1
C:\BookStore\src\java\BookStore\Registration.java,BookStore.Registration,"doGet/2[BookStore.HttpServletRequest,BookStore.HttpServletResponse]",out,1
C:\BookStore\src\java\BookStore\Registration.java,BookStore.Registration,"doGet/2[BookStore.HttpServletRequest,BookStore.HttpServletResponse]",password,1
C:\BookStore\src\java\BookStore\Registration.java,BookStore.Registration,"doGet/2[BookStore.HttpServletRequest,BookStore.HttpServletResponse]",lname,1
C:\BookStore\src\java\BookStore\Registration.java,BookStore.Registration,"doGet/2[BookStore.HttpServletRequest,BookStore.HttpServletResponse]",phone,1
C:\BookStore\src\java\BookStore\Registration.java,BookStore.Registration,"doGet/2[BookStore.HttpServletRequest,BookStore.HttpServletResponse]",response,3
C:\BookStore\src\java\BookStore\Registration.java,BookStore.Registration,"doGet/2[BookStore.HttpServletRequest,BookStore.HttpServletResponse]",dob,1
C:\BookStore\src\java\BookStore\Registration.java,BookStore.Registration,"doGet/2[BookStore.HttpServletRequest,BookStore.HttpServletResponse]",state,1
C:\BookStore\src\java\BookStore\Registration.java,BookStore.Registration,"doGet/2[BookStore.HttpServletRequest,BookStore.HttpServletResponse]",username,1
