file,class,method,variable,usage
C:\BankingSystem\src\Exceptions\MaxWithdraw.java,Exceptions.MaxWithdraw,MaxWithdraw/1[java.lang.String],s,1
C:\BankingSystem\src\GUI\AddStudentAccount.java,GUI.AddStudentAccount$Anonymous1,actionPerformed/1[java.awt.event.ActionEvent],insname,3
C:\BankingSystem\src\GUI\AddStudentAccount.java,GUI.AddStudentAccount$Anonymous1,actionPerformed/1[java.awt.event.ActionEvent],e,0
C:\BankingSystem\src\GUI\AddStudentAccount.java,GUI.AddStudentAccount$Anonymous1,actionPerformed/1[java.awt.event.ActionEvent],ch,1
C:\BankingSystem\src\GUI\AddStudentAccount.java,GUI.AddStudentAccount$Anonymous1,actionPerformed/1[java.awt.event.ActionEvent],name,3
C:\BankingSystem\src\GUI\AddStudentAccount.java,GUI.AddStudentAccount$Anonymous1,actionPerformed/1[java.awt.event.ActionEvent],index,2
C:\BankingSystem\src\GUI\AddStudentAccount.java,GUI.AddStudentAccount$Anonymous1,actionPerformed/1[java.awt.event.ActionEvent],bal,4
C:\BankingSystem\src\GUI\AddStudentAccount.java,GUI.AddStudentAccount$Anonymous1,actionPerformed/1[java.awt.event.ActionEvent],e1,1
C:\BankingSystem\src\GUI\AddStudentAccount.java,GUI.AddStudentAccount$Anonymous2,actionPerformed/1[java.awt.event.ActionEvent],e,0
C:\BankingSystem\src\GUI\AddSavingsAccount.java,GUI.AddSavingsAccount$Anonymous1,actionPerformed/1[java.awt.event.ActionEvent],maxw,2
C:\BankingSystem\src\GUI\AddSavingsAccount.java,GUI.AddSavingsAccount$Anonymous1,actionPerformed/1[java.awt.event.ActionEvent],e,0
C:\BankingSystem\src\GUI\AddSavingsAccount.java,GUI.AddSavingsAccount$Anonymous1,actionPerformed/1[java.awt.event.ActionEvent],ch,1
C:\BankingSystem\src\GUI\AddSavingsAccount.java,GUI.AddSavingsAccount$Anonymous1,actionPerformed/1[java.awt.event.ActionEvent],name,2
C:\BankingSystem\src\GUI\AddSavingsAccount.java,GUI.AddSavingsAccount$Anonymous1,actionPerformed/1[java.awt.event.ActionEvent],index,1
C:\BankingSystem\src\GUI\AddSavingsAccount.java,GUI.AddSavingsAccount$Anonymous1,actionPerformed/1[java.awt.event.ActionEvent],bal,3
C:\BankingSystem\src\GUI\AddSavingsAccount.java,GUI.AddSavingsAccount$Anonymous2,actionPerformed/1[java.awt.event.ActionEvent],e,0
C:\BankingSystem\src\GUI\WithdrawAcc.java,GUI.WithdrawAcc,WithdrawAcc/0,btnDeposit,3
C:\BankingSystem\src\GUI\WithdrawAcc.java,GUI.WithdrawAcc,WithdrawAcc/0,lblName,3
C:\BankingSystem\src\GUI\WithdrawAcc.java,GUI.WithdrawAcc,WithdrawAcc/0,lblDepositToAccount,4
C:\BankingSystem\src\GUI\WithdrawAcc.java,GUI.WithdrawAcc,WithdrawAcc/0,lblAmount,3
C:\BankingSystem\src\GUI\WithdrawAcc.java,GUI.WithdrawAcc,WithdrawAcc/0,btnReset,3
C:\BankingSystem\src\GUI\AddCurrentAccount.java,GUI.AddCurrentAccount$Anonymous1,actionPerformed/1[java.awt.event.ActionEvent],trlic,2
C:\BankingSystem\src\GUI\AddCurrentAccount.java,GUI.AddCurrentAccount$Anonymous1,actionPerformed/1[java.awt.event.ActionEvent],e,0
C:\BankingSystem\src\GUI\AddCurrentAccount.java,GUI.AddCurrentAccount$Anonymous1,actionPerformed/1[java.awt.event.ActionEvent],ch,1
C:\BankingSystem\src\GUI\AddCurrentAccount.java,GUI.AddCurrentAccount$Anonymous1,actionPerformed/1[java.awt.event.ActionEvent],name,2
C:\BankingSystem\src\GUI\AddCurrentAccount.java,GUI.AddCurrentAccount$Anonymous1,actionPerformed/1[java.awt.event.ActionEvent],index,2
C:\BankingSystem\src\GUI\AddCurrentAccount.java,GUI.AddCurrentAccount$Anonymous1,actionPerformed/1[java.awt.event.ActionEvent],bal,3
C:\BankingSystem\src\GUI\AddCurrentAccount.java,GUI.AddCurrentAccount$Anonymous1,actionPerformed/1[java.awt.event.ActionEvent],e1,1
C:\BankingSystem\src\GUI\AddCurrentAccount.java,GUI.AddCurrentAccount$Anonymous2,actionPerformed/1[java.awt.event.ActionEvent],e,0
C:\BankingSystem\src\Bank\BankAccount.java,Bank.BankAccount,deposit/1[double],amount,1
C:\BankingSystem\src\Bank\BankAccount.java,Bank.BankAccount,withdraw/1[double],amount,3
C:\BankingSystem\src\Bank\BankAccount.java,Bank.BankAccount,"BankAccount/3[java.lang.String,double,double]",min_balance,2
C:\BankingSystem\src\Bank\BankAccount.java,Bank.BankAccount,"BankAccount/3[java.lang.String,double,double]",balance,2
C:\BankingSystem\src\Bank\BankAccount.java,Bank.BankAccount,"BankAccount/3[java.lang.String,double,double]",name,2
C:\BankingSystem\src\GUI\AddStudentAccount.java,GUI.AddStudentAccount,AddStudentAccount/0,lblName,3
C:\BankingSystem\src\GUI\AddStudentAccount.java,GUI.AddStudentAccount,AddStudentAccount/0,btnAdd,3
C:\BankingSystem\src\GUI\AddStudentAccount.java,GUI.AddStudentAccount,AddStudentAccount/0,lblBalance,3
C:\BankingSystem\src\GUI\AddStudentAccount.java,GUI.AddStudentAccount,AddStudentAccount/0,lblAddCurrentAccount,4
C:\BankingSystem\src\GUI\AddStudentAccount.java,GUI.AddStudentAccount,AddStudentAccount/0,lblMaximumWithdrawLimit,3
C:\BankingSystem\src\GUI\AddStudentAccount.java,GUI.AddStudentAccount,AddStudentAccount/0,btnReset,3
C:\BankingSystem\src\Bank\CurrentAccount.java,Bank.CurrentAccount,"CurrentAccount/3[java.lang.String,double,java.lang.String]",balance,2
C:\BankingSystem\src\Bank\CurrentAccount.java,Bank.CurrentAccount,"CurrentAccount/3[java.lang.String,double,java.lang.String]",name,1
C:\BankingSystem\src\Bank\CurrentAccount.java,Bank.CurrentAccount,"CurrentAccount/3[java.lang.String,double,java.lang.String]",tradeLicenseNumber,2
C:\BankingSystem\src\Bank\Bank.java,Bank.Bank,"addAccount/3[java.lang.String,double,double]",acc,1
C:\BankingSystem\src\Bank\Bank.java,Bank.Bank,"addAccount/3[java.lang.String,double,double]",maxWithLimit,1
C:\BankingSystem\src\Bank\Bank.java,Bank.Bank,"addAccount/3[java.lang.String,double,double]",balance,1
C:\BankingSystem\src\Bank\Bank.java,Bank.Bank,"addAccount/3[java.lang.String,double,double]",name,1
C:\BankingSystem\src\Bank\Bank.java,Bank.Bank,display/0,i,5
C:\BankingSystem\src\Bank\Bank.java,Bank.Bank,display/0,list,2
C:\BankingSystem\src\Bank\Bank.java,Bank.Bank,findAccount/1[java.lang.String],aacountNum,1
C:\BankingSystem\src\Bank\Bank.java,Bank.Bank,findAccount/1[java.lang.String],i,6
C:\BankingSystem\src\Bank\Bank.java,Bank.Bank,addAccount/1[Bank.BankAccount],acc,1
C:\BankingSystem\src\Bank\Bank.java,Bank.Bank,addAccount/1[Bank.BankAccount],i,6
C:\BankingSystem\src\Bank\Bank.java,Bank.Bank,"addAccount/3[java.lang.String,double,java.lang.String]",acc,1
C:\BankingSystem\src\Bank\Bank.java,Bank.Bank,"addAccount/3[java.lang.String,double,java.lang.String]",balance,1
C:\BankingSystem\src\Bank\Bank.java,Bank.Bank,"addAccount/3[java.lang.String,double,java.lang.String]",name,1
C:\BankingSystem\src\Bank\Bank.java,Bank.Bank,"addAccount/3[java.lang.String,double,java.lang.String]",tradeLicense,1
C:\BankingSystem\src\Bank\Bank.java,Bank.Bank,"deposit/2[java.lang.String,double]",aacountNum,1
C:\BankingSystem\src\Bank\Bank.java,Bank.Bank,"deposit/2[java.lang.String,double]",temp,3
C:\BankingSystem\src\Bank\Bank.java,Bank.Bank,"deposit/2[java.lang.String,double]",amt,2
C:\BankingSystem\src\Bank\Bank.java,Bank.Bank,setAccounts/1[Bank.BankAccount[]],accounts,2
C:\BankingSystem\src\Bank\Bank.java,Bank.Bank,"withdraw/2[java.lang.String,double]",aacountNum,1
C:\BankingSystem\src\Bank\Bank.java,Bank.Bank,"withdraw/2[java.lang.String,double]",temp,4
C:\BankingSystem\src\Bank\Bank.java,Bank.Bank,"withdraw/2[java.lang.String,double]",amt,3
C:\BankingSystem\src\Bank\Bank.java,Bank.Bank,"addAccount/4[java.lang.String,java.lang.String,double,double]",min_balance,0
C:\BankingSystem\src\Bank\Bank.java,Bank.Bank,"addAccount/4[java.lang.String,java.lang.String,double,double]",acc,1
C:\BankingSystem\src\Bank\Bank.java,Bank.Bank,"addAccount/4[java.lang.String,java.lang.String,double,double]",balance,1
C:\BankingSystem\src\Bank\Bank.java,Bank.Bank,"addAccount/4[java.lang.String,java.lang.String,double,double]",institutionName,1
C:\BankingSystem\src\Bank\Bank.java,Bank.Bank,"addAccount/4[java.lang.String,java.lang.String,double,double]",name,1
C:\BankingSystem\src\GUI\AddSavingsAccount.java,GUI.AddSavingsAccount,AddSavingsAccount/0,lblName,3
C:\BankingSystem\src\GUI\AddSavingsAccount.java,GUI.AddSavingsAccount,AddSavingsAccount/0,btnAdd,3
C:\BankingSystem\src\GUI\AddSavingsAccount.java,GUI.AddSavingsAccount,AddSavingsAccount/0,lblBalance,3
C:\BankingSystem\src\GUI\AddSavingsAccount.java,GUI.AddSavingsAccount,AddSavingsAccount/0,lblAddCurrentAccount,4
C:\BankingSystem\src\GUI\AddSavingsAccount.java,GUI.AddSavingsAccount,AddSavingsAccount/0,lblMaximumWithdrawLimit,3
C:\BankingSystem\src\GUI\AddSavingsAccount.java,GUI.AddSavingsAccount,AddSavingsAccount/0,btnReset,3
C:\BankingSystem\src\Exceptions\InvalidAmount.java,Exceptions.InvalidAmount,InvalidAmount/1[java.lang.String],s,1
C:\BankingSystem\src\GUI\DepositAcc.java,GUI.DepositAcc,DepositAcc/0,btnDeposit,3
C:\BankingSystem\src\GUI\DepositAcc.java,GUI.DepositAcc,DepositAcc/0,lblName,3
C:\BankingSystem\src\GUI\DepositAcc.java,GUI.DepositAcc,DepositAcc/0,lblDepositToAccount,4
C:\BankingSystem\src\GUI\DepositAcc.java,GUI.DepositAcc,DepositAcc/0,lblAmount,3
C:\BankingSystem\src\GUI\DepositAcc.java,GUI.DepositAcc,DepositAcc/0,btnReset,3
C:\BankingSystem\src\GUI\Menu.java,GUI.Menu,Menu/0,lblBankingSystem,4
C:\BankingSystem\src\GUI\Menu.java,GUI.Menu,Menu/0,btnWithdrawFromAccount,3
C:\BankingSystem\src\GUI\Menu.java,GUI.Menu,Menu/0,btnNewButton,3
C:\BankingSystem\src\GUI\Menu.java,GUI.Menu,Menu/0,icon,0
C:\BankingSystem\src\GUI\Menu.java,GUI.Menu,Menu/0,btnDisplayAccountList,3
C:\BankingSystem\src\GUI\Menu.java,GUI.Menu,Menu/0,btnDepositToAccount,3
C:\BankingSystem\src\GUI\Menu.java,GUI.Menu,Menu/0,btnExit,3
C:\BankingSystem\src\GUI\Menu.java,GUI.Menu,Menu/0,lblNewLabel,3
C:\BankingSystem\src\Data\FileIO.java,Data.FileIO,Read/0,fis,4
C:\BankingSystem\src\Data\FileIO.java,Data.FileIO,Read/0,oin,4
C:\BankingSystem\src\Data\FileIO.java,Data.FileIO,Read/0,en,1
C:\BankingSystem\src\Data\FileIO.java,Data.FileIO,Write/0,fout,2
C:\BankingSystem\src\Data\FileIO.java,Data.FileIO,Write/0,en,0
C:\BankingSystem\src\Data\FileIO.java,Data.FileIO,Write/0,out,2
C:\BankingSystem\src\GUI\DisplayList.java,GUI.DisplayList,DisplayList/0,lblAccountList,4
C:\BankingSystem\src\GUI\DisplayList.java,GUI.DisplayList,DisplayList/0,scrollPane,5
C:\BankingSystem\src\GUI\DisplayList.java,GUI.DisplayList,DisplayList/0,list,1
C:\BankingSystem\src\GUI\DepositAcc.java,GUI.DepositAcc$Anonymous2,actionPerformed/1[java.awt.event.ActionEvent],e,0
C:\BankingSystem\src\GUI\DepositAcc.java,GUI.DepositAcc$Anonymous1,actionPerformed/1[java.awt.event.ActionEvent],a,1
C:\BankingSystem\src\GUI\DepositAcc.java,GUI.DepositAcc$Anonymous1,actionPerformed/1[java.awt.event.ActionEvent],aacountNum,2
C:\BankingSystem\src\GUI\DepositAcc.java,GUI.DepositAcc$Anonymous1,actionPerformed/1[java.awt.event.ActionEvent],e,0
C:\BankingSystem\src\GUI\DepositAcc.java,GUI.DepositAcc$Anonymous1,actionPerformed/1[java.awt.event.ActionEvent],amt,2
C:\BankingSystem\src\GUI\DepositAcc.java,GUI.DepositAcc$Anonymous1,actionPerformed/1[java.awt.event.ActionEvent],e1,1
C:\BankingSystem\src\GUI\AddCurrentAccount.java,GUI.AddCurrentAccount,AddCurrentAccount/0,lblName,3
C:\BankingSystem\src\GUI\AddCurrentAccount.java,GUI.AddCurrentAccount,AddCurrentAccount/0,btnAdd,3
C:\BankingSystem\src\GUI\AddCurrentAccount.java,GUI.AddCurrentAccount,AddCurrentAccount/0,lblBalance,3
C:\BankingSystem\src\GUI\AddCurrentAccount.java,GUI.AddCurrentAccount,AddCurrentAccount/0,lblAddCurrentAccount,4
C:\BankingSystem\src\GUI\AddCurrentAccount.java,GUI.AddCurrentAccount,AddCurrentAccount/0,lblMaximumWithdrawLimit,3
C:\BankingSystem\src\GUI\AddCurrentAccount.java,GUI.AddCurrentAccount,AddCurrentAccount/0,btnReset,3
C:\BankingSystem\src\Application.java,Application$Anonymous1,run/0,e,0
C:\BankingSystem\src\Exceptions\MaxBalance.java,Exceptions.MaxBalance,MaxBalance/1[java.lang.String],s,1
C:\BankingSystem\src\Exceptions\AccNotFound.java,Exceptions.AccNotFound,AccNotFound/1[java.lang.String],s,1
C:\BankingSystem\src\GUI\WithdrawAcc.java,GUI.WithdrawAcc$Anonymous2,actionPerformed/1[java.awt.event.ActionEvent],e,0
C:\BankingSystem\src\GUI\WithdrawAcc.java,GUI.WithdrawAcc$Anonymous1,actionPerformed/1[java.awt.event.ActionEvent],a,1
C:\BankingSystem\src\GUI\WithdrawAcc.java,GUI.WithdrawAcc$Anonymous1,actionPerformed/1[java.awt.event.ActionEvent],aacountNum,2
C:\BankingSystem\src\GUI\WithdrawAcc.java,GUI.WithdrawAcc$Anonymous1,actionPerformed/1[java.awt.event.ActionEvent],e,0
C:\BankingSystem\src\GUI\WithdrawAcc.java,GUI.WithdrawAcc$Anonymous1,actionPerformed/1[java.awt.event.ActionEvent],amt,2
C:\BankingSystem\src\GUI\WithdrawAcc.java,GUI.WithdrawAcc$Anonymous1,actionPerformed/1[java.awt.event.ActionEvent],e1,3
C:\BankingSystem\src\GUI\Menu.java,GUI.Menu$Anonymous4,actionPerformed/1[java.awt.event.ActionEvent],arg0,0
C:\BankingSystem\src\GUI\Login.java,GUI.Login,initialize/0,btnLogin,3
C:\BankingSystem\src\GUI\Login.java,GUI.Login,initialize/0,lblUsername,3
C:\BankingSystem\src\GUI\Login.java,GUI.Login,initialize/0,lblPassword,3
C:\BankingSystem\src\GUI\Login.java,GUI.Login,initialize/0,label,3
C:\BankingSystem\src\GUI\Login.java,GUI.Login,initialize/0,lblLoginScreen,3
C:\BankingSystem\src\GUI\Menu.java,GUI.Menu$Anonymous3,actionPerformed/1[java.awt.event.ActionEvent],e,0
C:\BankingSystem\src\GUI\Menu.java,GUI.Menu$Anonymous5,actionPerformed/1[java.awt.event.ActionEvent],e,0
C:\BankingSystem\src\Bank\SavingsAccount.java,Bank.SavingsAccount,getNetBalance/0,NetBalance,1
C:\BankingSystem\src\Bank\SavingsAccount.java,Bank.SavingsAccount,"SavingsAccount/3[java.lang.String,double,double]",maxWithLimit,2
C:\BankingSystem\src\Bank\SavingsAccount.java,Bank.SavingsAccount,"SavingsAccount/3[java.lang.String,double,double]",balance,1
C:\BankingSystem\src\Bank\SavingsAccount.java,Bank.SavingsAccount,"SavingsAccount/3[java.lang.String,double,double]",name,1
C:\BankingSystem\src\Bank\SavingsAccount.java,Bank.SavingsAccount,withdraw/1[double],amount,2
C:\BankingSystem\src\GUI\AddAccount.java,GUI.AddAccount,AddAccount/0,button,3
C:\BankingSystem\src\GUI\AddAccount.java,GUI.AddAccount,AddAccount/0,lblAddAccount,4
C:\BankingSystem\src\GUI\AddAccount.java,GUI.AddAccount,AddAccount/0,btnAddCurrentAccount,3
C:\BankingSystem\src\GUI\AddAccount.java,GUI.AddAccount,AddAccount/0,btnAddStudentAccount,3
C:\BankingSystem\src\GUI\GUIForm.java,GUI.GUIForm,UpdateDisplay/0,O,1
C:\BankingSystem\src\GUI\Login.java,GUI.Login$Anonymous1,actionPerformed/1[java.awt.event.ActionEvent],e,0
C:\BankingSystem\src\GUI\Login.java,GUI.Login$Anonymous1,actionPerformed/1[java.awt.event.ActionEvent],pass,2
C:\BankingSystem\src\GUI\Login.java,GUI.Login$Anonymous1,actionPerformed/1[java.awt.event.ActionEvent],user,2
C:\BankingSystem\src\GUI\AddAccount.java,GUI.AddAccount$Anonymous3,actionPerformed/1[java.awt.event.ActionEvent],e,0
C:\BankingSystem\src\Application.java,Application,main/1[java.lang.String[]],args,0
C:\BankingSystem\src\Bank\StudentAccount.java,Bank.StudentAccount,"StudentAccount/3[java.lang.String,double,java.lang.String]",balance,1
C:\BankingSystem\src\Bank\StudentAccount.java,Bank.StudentAccount,"StudentAccount/3[java.lang.String,double,java.lang.String]",institutionName,2
C:\BankingSystem\src\Bank\StudentAccount.java,Bank.StudentAccount,"StudentAccount/3[java.lang.String,double,java.lang.String]",name,1
C:\BankingSystem\src\GUI\AddAccount.java,GUI.AddAccount$Anonymous2,actionPerformed/1[java.awt.event.ActionEvent],e,0
C:\BankingSystem\src\GUI\AddAccount.java,GUI.AddAccount$Anonymous1,actionPerformed/1[java.awt.event.ActionEvent],e,0
C:\BankingSystem\src\GUI\Menu.java,GUI.Menu$Anonymous2,actionPerformed/1[java.awt.event.ActionEvent],e,0
C:\BankingSystem\src\GUI\Menu.java,GUI.Menu$Anonymous1,actionPerformed/1[java.awt.event.ActionEvent],e,0
